parameter,tau_integrated,effective_samples
epsilon,25.887821906549362,370.83073402831525
k0,21.709093891731566,442.2109945204296
n,23.15137256557658,414.66223969260864
