model,chi2_TTTEEE_v2,Delta_chi2_vs_LCDM,N_bins
LCDM_reference,1.404989468544072e-17,0.0,613
SBC_F3_best,1.403361567507954e-17,-1.6279010361180997e-20,613
