parameter,q16,q50,q84,plus,minus
epsilon,0.0619980921183,0.0689848866597535,0.08388874382723885,0.014903857167485351,0.006986794541453498
k0,0.0173740208451536,0.02387158587742525,0.03217994146970259,0.008308355592277342,0.006497565032271651
n,0.23804081764389076,0.658078366118467,0.8970200584728455,0.23894169235437845,0.4200375484745763
